,FECHA_DOC,COSTO_UNITARIO_CALCULADO,SUBTOTAL_PARTIDA
0,2022-01-05,52.8,434.48
1,2022-01-05,327.18,1264.05
2,2022-01-05,177.68,3861.29
3,2022-01-05,38.96,140.0
4,2022-01-05,101.71,344.83
5,2022-01-05,49.41,474.14
6,2022-01-05,5323.76,14000.0
7,2022-01-05,38.96,283.5
8,2022-01-05,517.89,1615.0
9,2022-01-05,517.89,1615.0
10,2022-01-05,517.89,1615.0
11,2022-01-05,586.32,1615.0
12,2022-01-05,586.32,1615.0
13,2022-01-05,86.22,1485.25
14,2022-01-05,742.05,2095.25
15,2022-01-05,149.6,481.25
16,2022-01-05,124.0,1542.56
17,2022-01-05,141.9,375.0
18,2022-01-05,78.7,4106.5
19,2022-01-05,75.77,5749.1
20,2022-01-05,27.43,1489.05
21,2022-01-07,147.76,2815.59
22,2022-01-07,259.35,718.52
23,2022-01-07,332.65,898.25
24,2022-01-07,0.36,3000.0
25,2022-01-07,1081.89,5544.0
26,2022-01-07,124.0,2425.0
27,2022-01-07,44.14,2250.0
28,2022-01-07,489.39,4010.92
29,2022-01-07,305.44,38979.6
30,2022-01-10,295.24,5136.22
31,2022-01-10,305.44,38979.6
32,2022-01-10,178.6,601.23
33,2022-01-11,68.95,1505.0
34,2022-01-11,78.32,2159.6
35,2022-01-11,5.76,382.1
36,2022-01-11,45.01,485.23
37,2022-01-11,289.05,945.0
38,2022-01-12,64.85,10384.0
39,2022-01-12,161.73,938.53
40,2022-01-12,1509.14,38160.0
41,2022-01-12,101.71,5572.89
42,2022-01-12,81.91,5050.8
43,2022-01-12,497.54,10624.0
44,2022-01-13,98.76,1198.1
45,2022-01-14,140.29,803.0
46,2022-01-14,181.88,1570.5
47,2022-01-14,249.89,1231.7
48,2022-01-14,48.56,1540.8
49,2022-01-14,195.26,2150.0
50,2022-01-17,85.29,2655.0
51,2022-01-17,220.0,385.0
52,2022-01-17,211.36,500.0
53,2022-01-17,242.48,1671.0
54,2022-01-17,235.56,1791.0
55,2022-01-17,319.8,1264.25
56,2022-01-17,313.8,1264.25
57,2022-01-17,44.7,2420.0
58,2022-01-18,4.02,337.7
59,2022-01-19,69.23,1116.28
60,2022-01-19,69.23,1116.28
61,2022-01-19,556.14,4236.0
62,2022-01-19,447.68,3564.0
63,2022-01-19,95.82,3978.0
64,2022-01-19,158.4,991.6
65,2022-01-19,272.65,17420.0
66,2022-01-19,161.63,1010.46
67,2022-01-19,105.68,3940.4
68,2022-01-20,795.74,10577.12
69,2022-01-20,51.38,1044.0
70,2022-01-20,291.72,255.01
71,2022-01-21,240.87,5512.5
72,2022-01-21,52.48,364.55
73,2022-01-21,139.82,662.0
74,2022-01-21,275.5,44259.0
75,2022-01-21,200.3,2999.72
76,2022-01-24,372.67,14500.0
77,2022-01-24,360.5,8700.0
78,2022-01-24,337.97,8700.0
79,2022-01-24,113.47,3320.0
80,2022-01-24,77.13,2720.0
81,2022-01-24,115.58,2051.74
82,2022-01-24,165.19,3174.5
83,2022-01-24,385.71,5970.72
84,2022-01-25,85.89,566.64
85,2022-01-25,95.96,5178.0
86,2022-01-25,131.65,6339.6
87,2022-01-25,292.75,1880.28
88,2022-01-25,71.25,3000.0
89,2022-01-26,38.96,98.0
90,2022-01-26,363.33,2490.75
91,2022-01-26,27.08,473.28
92,2022-01-27,436.54,1659.6
93,2022-01-27,38.96,107.76
94,2022-01-28,113.22,499.0
95,2022-01-28,247.52,2700.0
96,2022-01-28,160.03,3567.0
97,2022-01-28,369.59,4305.0
98,2022-01-28,67.42,990.0
99,2022-01-28,71.25,125.0
100,2022-01-28,75.89,175.0
101,2022-01-31,1214.3,5251.0
102,2022-01-31,1041.08,4928.4
103,2022-01-31,1298.68,4137.0
104,2022-01-31,387.87,925.6
105,2022-01-31,435.3,1517.63
106,2022-01-31,24.38,1995.4
107,2022-01-31,167.3,2629.5
108,2022-01-31,104.4,535.09
109,2022-01-31,336.57,2391.69
110,2022-01-31,647.84,1572.45
111,2022-01-31,436.05,9502.0
112,2022-01-31,449.35,4161.7
113,2022-01-31,406.61,2118.0
114,2022-01-31,281.94,1250.0
115,2022-01-31,67.22,2468.0
116,2022-01-31,37.76,1020.0
117,2022-01-31,13.38,197.5
118,2022-02-01,226.23,1000.0
119,2022-02-01,130.2,1700.8
120,2022-02-01,137.08,971.0
121,2022-02-02,220.0,385.0
122,2022-02-02,492.92,3892.24
123,2022-02-02,13.38,197.5
124,2022-02-02,174.76,871.5
125,2022-02-02,106.0,1125.87
126,2022-02-02,246.94,2200.0
127,2022-02-03,90.18,565.4
128,2022-02-03,156.83,1406.56
129,2022-02-03,146.88,3953.0
130,2022-02-03,186.95,3314.76
131,2022-02-03,99.32,2630.32
132,2022-02-03,130.78,1125.0
133,2022-02-03,134.36,1125.0
134,2022-02-04,189.47,13701.02
135,2022-02-04,220.0,462.0
136,2022-02-04,395.14,2665.3
137,2022-02-04,141.65,1579.6
138,2022-02-08,526.27,21602.16
139,2022-02-08,150.79,2134.4
140,2022-02-08,96.78,7200.0
141,2022-02-08,533.27,5632.95
142,2022-02-08,319.99,6804.0
143,2022-02-08,164.55,3798.36
144,2022-02-09,168.4,2045.0
145,2022-02-09,418.59,11579.97
146,2022-02-09,665.36,1054.0
147,2022-02-09,569.1,9596.04
148,2022-02-09,78.83,3429.75
149,2022-02-10,83.5,1705.95
150,2022-02-10,791.1,9159.75
151,2022-02-10,143.89,2116.5
152,2022-02-10,222.0,1626.21
153,2022-02-10,113.59,715.7
154,2022-02-11,153.97,8667.0
155,2022-02-11,112.64,3085.5
156,2022-02-11,87.1,307.5
157,2022-02-11,297.59,2092.22
158,2022-02-11,111.63,900.0
159,2022-02-14,182.75,5973.0
160,2022-02-14,106.18,3036.68
161,2022-02-14,150.48,3152.2
162,2022-02-14,36.92,840.0
163,2022-02-14,299.62,945.0
164,2022-02-14,31.72,1035.0
165,2022-02-14,155.39,1989.28
166,2022-02-14,145.21,1476.8
167,2022-02-14,150.74,1452.18
168,2022-02-14,17.39,1185.0
169,2022-02-14,106.55,336.93
170,2022-02-14,89.85,3409.56
171,2022-02-14,143.11,2259.43
172,2022-02-15,42.86,894.84
173,2022-02-15,337.19,2174.6
174,2022-02-15,226.23,919.0
175,2022-02-16,51.36,290.0
176,2022-02-16,98.64,3000.0
177,2022-02-16,1214.3,5251.0
178,2022-02-16,325.78,4758.64
179,2022-02-17,431.83,4556.9
180,2022-02-17,124.0,408.87
181,2022-02-17,175.18,1136.53
182,2022-02-17,12.4,862.07
183,2022-02-17,1782.0,7575.0
184,2022-02-17,36.53,675.4
185,2022-02-18,672.74,16492.26
186,2022-02-18,1190.42,14096.87
187,2022-02-18,70.04,2040.0
188,2022-02-18,189.75,1626.1
189,2022-02-18,346.74,2096.0
190,2022-02-18,112.61,1050.0
191,2022-02-18,3061.83,12750.0
192,2022-02-18,38.96,239.66
193,2022-02-21,227.18,813.0
194,2022-02-21,773.91,2068.5
195,2022-02-21,304.25,9108.0
196,2022-02-22,173.0,2985.3
197,2022-02-22,29.9,683.25
198,2022-02-22,222.0,813.1
199,2022-02-22,52.74,12434.58
200,2022-02-22,378.69,3040.0
201,2022-02-22,220.0,385.0
202,2022-02-22,253.0,435.0
203,2022-02-22,98.63,206.9
204,2022-02-23,254.34,52200.0
205,2022-02-23,37.66,1560.5
206,2022-02-23,44.54,1598.24
207,2022-02-23,48.09,1643.78
208,2022-02-23,51.09,1678.86
209,2022-02-23,141.49,1802.24
210,2022-02-23,201.21,1984.0
211,2022-02-23,188.85,2218.44
212,2022-02-23,297.2,2224.0
213,2022-02-23,30.17,5075.7
214,2022-02-23,54.82,774.9
215,2022-02-23,187.31,3348.0
216,2022-02-23,366.42,1920.0
217,2022-02-23,112.8,1379.84
218,2022-02-23,112.8,1379.84
219,2022-02-23,227.18,813.0
220,2022-02-24,427.12,9600.0
221,2022-02-24,369.07,18630.0
222,2022-02-24,101.99,3550.0
223,2022-02-24,1204.71,4436.54
224,2022-02-24,74.08,650.32
225,2022-02-25,1179.22,1615.0
226,2022-02-25,1179.22,1615.0
227,2022-02-25,1179.22,1615.0
228,2022-02-25,1179.22,1615.0
229,2022-02-25,1179.22,1615.0
230,2022-02-25,338.28,1196.0
231,2022-02-25,160.14,890.0
232,2022-02-25,106.55,606.9
233,2022-02-25,137.48,738.5
234,2022-02-25,119.05,1775.0
235,2022-02-25,125.12,2727.0
236,2022-02-25,127.62,4070.0
237,2022-02-25,120.29,3904.0
238,2022-02-25,113.69,3801.0
239,2022-02-25,161.1,4072.0
240,2022-02-25,131.71,4095.0
241,2022-02-25,459.8,4060.0
242,2022-02-28,88.95,2249.28
243,2022-02-28,7342.41,1125.0
244,2022-02-28,440.7,2970.0
245,2022-02-28,339.43,44259.0
246,2022-02-28,29.29,2500.8
247,2022-02-28,90.42,1130.8
248,2022-02-28,69.55,997.54
249,2022-02-28,470.09,2508.7
250,2022-02-28,373.69,2056.7
251,2022-02-28,559.98,1265.2
252,2022-02-28,178.49,2397.3
253,2022-02-28,139.69,1156.5
254,2022-02-28,173.44,2976.75
255,2022-02-28,48.23,1076.1
256,2022-02-28,208.27,1498.16
257,2022-02-28,688.35,1599.5
258,2022-02-28,375.4,1455.25
259,2022-02-28,415.77,1398.79
260,2022-02-28,601.65,2944.0
261,2022-02-28,236.98,1196.55
262,2022-02-28,449.84,3689.64
263,2022-02-28,87.59,2040.0
264,2022-02-28,43.81,2500.8
265,2022-02-28,33.9,1875.86
266,2022-03-01,688.31,2524.5
267,2022-03-02,236.68,4120.0
268,2022-03-02,210.46,4378.4
269,2022-03-02,1214.3,5251.0
270,2022-03-03,918.12,23340.0
271,2022-03-03,1133.81,23340.0
272,2022-03-03,220.0,462.0
273,2022-03-03,41.26,4315.0
274,2022-03-03,173.44,2976.75
275,2022-03-03,78.24,1038.0
276,2022-03-03,211.36,512.36
277,2022-03-03,137.48,382.76
278,2022-03-04,134.94,560.04
279,2022-03-04,235.81,13701.02
280,2022-03-04,370.94,1255.2
281,2022-03-04,36.53,675.4
282,2022-03-04,269.59,1931.0
283,2022-03-07,87.1,1060.0
284,2022-03-07,435.26,2265.0
285,2022-03-07,67.47,2296.0
286,2022-03-08,122.14,5515.0
287,2022-03-08,152.37,1155.6
288,2022-03-08,428.56,11976.12
289,2022-03-09,216.65,800.0
290,2022-03-09,1246.35,8873.08
291,2022-03-09,143.8,470.0
292,2022-03-09,326.23,5948.3
293,2022-03-09,212.44,999.91
294,2022-03-09,317.3,980.6
295,2022-03-09,317.3,980.6
296,2022-03-10,269.6,4215.75
297,2022-03-10,111.07,1625.06
298,2022-03-10,87.1,375.29
299,2022-03-10,119.05,7100.0
300,2022-03-10,1666.85,8334.25
301,2022-03-10,143.8,2350.0
302,2022-03-11,2644.78,4650.5
303,2022-03-11,303.31,9307.2
304,2022-03-11,673.14,3096.0
305,2022-03-11,1783.73,4508.2
306,2022-03-11,220.0,924.0
307,2022-03-11,38.96,215.52
308,2022-03-11,417.45,2377.0
309,2022-03-14,261.77,8392.8
310,2022-03-14,351.08,16177.5
311,2022-03-15,220.0,385.0
312,2022-03-15,377.29,9438.8
313,2022-03-15,145.03,8730.0
314,2022-03-15,212.44,999.91
315,2022-03-15,358.0,2431.0
316,2022-03-15,195.77,1910.0
317,2022-03-15,525.52,6081.0
318,2022-03-16,248.65,2700.0
319,2022-03-16,44.14,1875.0
320,2022-03-16,220.0,462.0
321,2022-03-16,281.63,2821.2
322,2022-03-16,30.77,1790.0
323,2022-03-16,541.44,3216.0
324,2022-03-16,70.12,2691.6
325,2022-03-16,112.11,710.0
326,2022-03-16,244.02,12942.0
327,2022-03-16,761.07,6106.5
328,2022-03-17,106.55,1348.0
329,2022-03-17,626.37,3906.52
330,2022-03-17,143.8,996.0
331,2022-03-17,327.61,2005.5
332,2022-03-18,60.56,568.97
333,2022-03-18,174.73,1700.0
334,2022-03-18,300.96,5595.0
335,2022-03-18,1179.22,1615.0
336,2022-03-18,319.43,1179.25
337,2022-03-18,319.43,1179.25
338,2022-03-18,417.02,1848.4
339,2022-03-18,417.02,1848.4
340,2022-03-22,66.08,1988.8
341,2022-03-22,212.44,999.91
342,2022-03-22,98.65,1318.96
343,2022-03-22,64.98,2250.0
344,2022-03-22,38.96,189.0
345,2022-03-22,51.36,306.0
346,2022-03-22,38.96,196.0
347,2022-03-23,5211.65,14000.0
348,2022-03-23,222.0,732.0
349,2022-03-23,200.3,1999.81
350,2022-03-23,87.1,2650.8
351,2022-03-23,620.47,14175.0
352,2022-03-23,376.35,2495.0
353,2022-03-23,519.02,850.2
354,2022-03-23,89.76,485.3
355,2022-03-23,72.34,570.3
356,2022-03-23,1282.76,12386.0
357,2022-03-23,116.97,3568.0
358,2022-03-23,2448.37,7903.2
359,2022-03-23,1273.61,10047.0
360,2022-03-23,3489.32,13800.0
361,2022-03-24,97.0,585.13
362,2022-03-24,71.53,2244.0
363,2022-03-24,88.34,2244.0
364,2022-03-24,228.89,2130.0
365,2022-03-24,50.94,579.66
366,2022-03-24,45.28,800.0
367,2022-03-24,4.92,1185.0
368,2022-03-25,1137.06,18242.88
369,2022-03-25,698.18,23666.3
370,2022-03-25,211.36,691.68
371,2022-03-25,410.21,862.33
372,2022-03-25,38.96,120.0
373,2022-03-28,1560.44,37000.0
374,2022-03-28,88.63,3750.0
375,2022-03-28,71.25,381.04
376,2022-03-28,710.34,3700.0
377,2022-03-28,102.22,636.21
378,2022-03-28,502.32,2754.0
379,2022-03-28,97.46,4200.0
380,2022-03-28,172.28,990.0
381,2022-03-28,155.02,709.0
382,2022-03-28,177.36,354.5
383,2022-03-29,216.46,6595.74
384,2022-03-29,213.66,5041.92
385,2022-03-29,37.66,1560.5
386,2022-03-29,44.54,1598.24
387,2022-03-29,48.09,1643.78
388,2022-03-29,51.09,1678.86
389,2022-03-29,72.37,190.52
390,2022-03-29,220.0,435.0
391,2022-03-29,64.91,527.59
392,2022-03-29,258.43,1205.0
393,2022-03-29,173.0,704.5
394,2022-03-29,714.2,74700.0
395,2022-03-30,391.24,1556.35
396,2022-03-30,116.73,907.5
397,2022-03-30,48.49,495.0
398,2022-03-30,410.21,862.35
399,2022-03-30,316.4,1551.72
400,2022-03-30,6.69,538.79
401,2022-03-31,24.0,387.93
402,2022-03-31,258.21,1020.0
403,2022-03-31,340.8,77959.2
404,2022-03-31,220.0,445.0
405,2022-03-31,447.47,18156.0
406,2022-03-31,26.95,6006.0
407,2022-03-31,244.91,1056.03
408,2022-03-31,88.95,3375.0
409,2022-03-31,91.21,3879.6
410,2022-03-31,366.1,36882.5
411,2022-03-31,736.48,3053.25
412,2022-03-31,356.75,14753.0
413,2022-03-31,791.1,9159.75
414,2022-03-31,236.1,11160.0
415,2022-03-31,517.36,3799.7
416,2022-03-31,305.38,9833.8
417,2022-03-31,1306.63,4956.73
418,2022-03-31,88.74,1972.5
419,2022-03-31,1516.24,20887.18
420,2022-03-31,2935.26,14274.0
421,2022-04-01,137.48,435.72
422,2022-04-04,42.79,120.09
423,2022-04-04,112.24,633.6
424,2022-04-04,111.07,564.71
425,2022-04-04,112.24,633.6
426,2022-04-04,59.54,498.65
427,2022-04-04,110.37,616.0
428,2022-04-04,110.37,598.0
429,2022-04-05,90.16,862.0
430,2022-04-05,106.52,2116.5
431,2022-04-05,158.37,2822.0
432,2022-04-05,359.16,2278.45
433,2022-04-05,377.29,9438.8
434,2022-04-05,165.15,1105.6
435,2022-04-05,360.32,4800.0
436,2022-04-06,0.36,3000.0
437,2022-04-06,220.0,435.0
438,2022-04-06,161.73,3754.12
439,2022-04-06,47.25,810.4
440,2022-04-06,113.59,357.76
441,2022-04-07,91.9,3128.5
442,2022-04-07,98.64,1877.1
443,2022-04-07,51.36,153.45
444,2022-04-07,203.34,5101.91
445,2022-04-07,1140.93,7413.0
446,2022-04-07,251.51,2995.0
447,2022-04-07,183.83,4400.0
448,2022-04-07,755.73,3982.12
449,2022-04-07,70.86,535.12
450,2022-04-08,1830.01,7858.22
451,2022-04-08,94.84,188.0
452,2022-04-08,321.87,650.0
453,2022-04-11,144.4,970.0
454,2022-04-11,50.54,310.0
455,2022-04-11,409.87,3191.49
456,2022-04-11,204.07,908.0
457,2022-04-11,48.49,163.0
458,2022-04-11,722.38,2325.0
459,2022-04-11,248.65,2700.0
460,2022-04-12,387.87,2010.0
461,2022-04-12,404.78,1005.0
462,2022-04-12,1125.85,2849.5
463,2022-04-13,432.3,1265.09
464,2022-04-13,396.54,9006.9
465,2022-04-13,48.21,527.0
466,2022-04-13,318.83,11169.0
467,2022-04-13,133.09,1120.69
468,2022-04-13,160.64,4680.0
469,2022-04-13,403.47,867.03
470,2022-04-13,148.76,940.0
471,2022-04-13,148.76,940.0
472,2022-04-13,111.17,4103.6
473,2022-04-18,7.6,907.0
474,2022-04-19,107.68,659.6
475,2022-04-19,647.84,4717.35
476,2022-04-19,50.54,1240.0
477,2022-04-19,493.68,6460.0
478,2022-04-19,123.23,760.25
479,2022-04-20,4045.07,23995.24
480,2022-04-20,1214.3,5251.0
481,2022-04-21,67.57,290.0
482,2022-04-21,223.66,1035.0
483,2022-04-21,183.93,1224.0
484,2022-04-21,333.44,4125.0
485,2022-04-21,842.74,3059.38
486,2022-04-21,217.64,4220.7
487,2022-04-21,797.54,2750.0
488,2022-04-21,1319.75,10047.0
489,2022-04-21,42.79,110.0
490,2022-04-22,67.31,1307.91
491,2022-04-22,67.21,982.06
492,2022-04-22,86.23,360.0
493,2022-04-22,48.49,163.0
494,2022-04-22,213.87,676.72
495,2022-04-22,48.85,1000.0
496,2022-04-22,48.85,3000.0
497,2022-04-25,46.14,6952.0
498,2022-04-25,220.0,462.0
499,2022-04-25,210.95,4876.39
500,2022-04-25,28.9,468.1
501,2022-04-25,671.48,2790.7
502,2022-04-25,249.07,3111.3
503,2022-04-25,714.2,74700.0
504,2022-04-26,160.64,4680.0
505,2022-04-26,72.37,2500.0
506,2022-04-26,199.22,5096.56
507,2022-04-26,842.74,3059.38
508,2022-04-26,143.09,1610.0
509,2022-04-26,148.02,812.0
510,2022-04-26,38.92,587.0
511,2022-04-26,51.36,306.9
512,2022-04-27,517.64,3144.9
513,2022-04-27,921.37,7402.72
514,2022-04-27,2935.26,14266.34
515,2022-04-27,76.46,1035.0
516,2022-04-27,36.0,622.0
517,2022-04-27,67.21,1208.25
518,2022-04-27,509.98,7800.0
519,2022-04-27,694.6,31500.0
520,2022-04-28,242.78,1970.0
521,2022-04-28,722.34,3837.4
522,2022-04-28,518.59,4893.0
523,2022-04-28,3624.09,13800.0
524,2022-04-29,144.4,420.69
525,2022-04-29,841.63,1756.0
526,2022-04-29,567.27,1697.71
527,2022-04-29,144.4,485.0
528,2022-04-29,50.54,796.0
529,2022-04-29,333.2,12264.0
530,2022-04-29,504.53,4994.0
531,2022-04-29,374.14,6832.0
532,2022-04-29,852.37,12213.0
533,2022-04-29,335.51,51635.5
534,2022-04-29,791.1,30532.5
535,2022-04-29,928.07,3395.0
536,2022-05-02,61.88,4886.2
537,2022-05-02,42.99,732.0
538,2022-05-03,11.02,553.82
539,2022-05-03,76.74,1242.0
540,2022-05-03,222.0,732.0
541,2022-05-03,33.79,427.0
542,2022-05-04,112.64,1028.5
543,2022-05-04,144.4,2425.0
544,2022-05-04,50.54,310.0
545,2022-05-04,72.34,893.0
546,2022-05-04,210.95,4148.34
547,2022-05-04,1168.41,11581.88
548,2022-05-04,1048.4,8744.0
549,2022-05-04,42.79,120.12
550,2022-05-05,319.29,13065.0
551,2022-05-05,145.86,1246.4
552,2022-05-05,98.63,3308.5
553,2022-05-05,406.12,2044.2
554,2022-05-05,97.53,648.3
555,2022-05-05,10.7,419.0
556,2022-05-05,98.63,225.0
557,2022-05-06,136.98,734.5
558,2022-05-06,2227.85,27600.0
559,2022-05-06,305.31,2316.38
560,2022-05-06,90.91,3105.0
561,2022-05-09,42.35,634.5
562,2022-05-09,33.79,1708.0
563,2022-05-09,3.8,301.07
564,2022-05-09,344.32,1306.03
565,2022-05-09,131.87,7100.0
566,2022-05-09,224.13,8700.0
567,2022-05-09,200.3,999.95
568,2022-05-09,113.06,2050.0
569,2022-05-10,773.91,2200.0
570,2022-05-10,477.85,4893.0
571,2022-05-10,136.25,3660.0
572,2022-05-11,62.82,153.25
573,2022-05-11,101.4,663.88
574,2022-05-11,483.67,2025.2
575,2022-05-11,217.64,4220.7
576,2022-05-11,144.4,2440.0
577,2022-05-11,62.82,306.9
578,2022-05-11,46.17,9940.0
579,2022-05-11,286.82,2756.25
580,2022-05-12,797.54,5500.0
581,2022-05-12,36.52,950.0
582,2022-05-12,701.72,2278.45
583,2022-05-12,88.03,1500.0
584,2022-05-12,1368.31,6273.0
585,2022-05-12,33.75,532.76
586,2022-05-13,80.09,605.4
587,2022-05-13,227.18,1379.26
588,2022-05-13,5301.49,13776.88
589,2022-05-13,172.13,1867.7
590,2022-05-13,58.36,670.0
591,2022-05-17,330.09,1944.0
592,2022-05-17,453.27,2133.25
593,2022-05-17,253.0,424.0
594,2022-05-17,1261.99,2068.5
595,2022-05-17,1261.99,2068.5
596,2022-05-17,1067.99,4928.4
597,2022-05-17,1130.54,4928.4
598,2022-05-18,2061.24,13740.0
599,2022-05-18,518.74,2325.34
600,2022-05-19,60.64,564.1
601,2022-05-19,685.68,6460.0
602,2022-05-19,295.91,1451.65
603,2022-05-19,206.11,1144.0
604,2022-05-19,363.09,1624.0
605,2022-05-19,599.82,3096.0
606,2022-05-20,83.98,4976.0
607,2022-05-20,236.74,4930.0
608,2022-05-20,279.88,9064.0
609,2022-05-20,165.95,1877.06
610,2022-05-23,42.79,452.58
611,2022-05-23,4434.97,474.14
612,2022-05-23,806.14,12213.0
613,2022-05-23,324.05,1526.77
614,2022-05-23,190.25,6528.0
615,2022-05-24,244.07,77760.0
616,2022-05-25,170.19,689.0
617,2022-05-25,181.72,11560.0
618,2022-05-25,253.0,385.0
619,2022-05-26,101.07,6105.0
620,2022-05-26,113.69,4344.0
621,2022-05-26,115.41,8190.0
622,2022-05-26,168.7,1139.88
623,2022-05-26,117.49,7900.0
624,2022-05-26,77.57,420.0
625,2022-05-26,335.46,24145.8
626,2022-05-26,149.98,617.2
627,2022-05-27,222.0,1464.0
628,2022-05-27,30.65,1165.86
629,2022-05-27,30.65,1748.79
630,2022-05-27,97.49,265.08
631,2022-05-27,114.65,1185.0
632,2022-05-30,321.87,1926.0
633,2022-05-31,104.4,1988.8
634,2022-05-31,65.47,1265.0
635,2022-05-31,287.63,5880.0
636,2022-05-31,471.48,4522.0
637,2022-05-31,160.02,1680.0
638,2022-05-31,710.13,7370.0
639,2022-05-31,736.2,3829.0
640,2022-05-31,244.63,12393.0
641,2022-05-31,213.38,8376.0
642,2022-05-31,213.77,4825.0
643,2022-05-31,62.28,1032.0
644,2022-06-01,171.87,453.24
645,2022-06-01,1952.03,38063.65
646,2022-06-02,295.95,15680.0
647,2022-06-02,62.4,5460.0
648,2022-06-02,407.85,1140.86
649,2022-06-02,116.78,3000.0
650,2022-06-02,848.3,4210.6
651,2022-06-02,208.61,775.6
652,2022-06-02,59.77,801.28
653,2022-06-03,200.3,1999.81
654,2022-06-03,266.04,52200.0
655,2022-06-06,3900.52,12500.0
656,2022-06-06,79.79,1288.0
657,2022-06-06,83.72,1141.6
658,2022-06-06,80.09,605.4
659,2022-06-06,253.0,425.0
660,2022-06-07,55.83,563.5
661,2022-06-07,253.0,424.0
662,2022-06-07,332.9,9900.0
663,2022-06-08,200.3,999.91
664,2022-06-09,7.6,739.66
665,2022-06-09,206.22,9364.5
666,2022-06-09,378.12,38979.6
667,2022-06-09,602.39,3668.0
668,2022-06-09,68.34,1625.06
669,2022-06-09,135.69,1940.0
670,2022-06-09,54.8,1500.0
671,2022-06-09,432.0,1206.0
672,2022-06-10,199335.56,32582.18
673,2022-06-10,47.7,1128.2
674,2022-06-10,717.66,4436.0
675,2022-06-10,200.3,999.91
676,2022-06-13,42.79,94.5
677,2022-06-13,562.77,1697.71
678,2022-06-13,483.67,4050.4
679,2022-06-14,174.94,3196.4
680,2022-06-14,321.87,1926.0
681,2022-06-14,89.98,9270.0
682,2022-06-14,752.71,3026.6
683,2022-06-15,111.07,2437.59
684,2022-06-15,253.0,385.0
685,2022-06-15,7.2,1310.0
686,2022-06-16,43.24,5045.0
687,2022-06-16,120.27,7159.2
688,2022-06-16,135.69,510.0
689,2022-06-16,355.29,29506.0
690,2022-06-16,1465.29,7460.0
691,2022-06-16,92.33,245.0
692,2022-06-16,227.74,1410.0
693,2022-06-17,65.63,1657.94
694,2022-06-17,654.97,2098.6
695,2022-06-17,23.77,1263.68
696,2022-06-17,67.69,1600.38
697,2022-06-17,62.82,905.0
698,2022-06-17,77.57,1125.0
699,2022-06-17,668.43,1572.45
700,2022-06-17,835.04,6400.0
701,2022-06-17,381.64,6438.0
702,2022-06-17,257.09,5976.0
703,2022-06-17,197.63,1115.0
704,2022-06-17,48.49,192.0
705,2022-06-20,54.8,620.0
706,2022-06-20,86.18,1506.08
707,2022-06-21,629.46,9300.0
708,2022-06-21,595.77,9000.0
709,2022-06-21,48.03,564.1
710,2022-06-21,205.2,521.04
711,2022-06-21,135.69,1940.0
712,2022-06-21,54.8,1240.0
713,2022-06-21,77.57,465.0
714,2022-06-22,77.8,2158.4
715,2022-06-22,246.69,2760.0
716,2022-06-22,92.24,4962.0
717,2022-06-22,42.65,690.0
718,2022-06-22,155.39,1989.28
719,2022-06-22,80.09,1210.8
720,2022-06-22,177.85,735.65
721,2022-06-22,331.33,1217.5
722,2022-06-23,117.09,8100.0
723,2022-06-23,798.08,3153.92
724,2022-06-23,670.74,2818.4
725,2022-06-23,111.07,812.43
726,2022-06-24,236.06,6180.0
727,2022-06-24,32.24,1831.28
728,2022-06-24,87.04,2940.0
729,2022-06-24,1072.93,4372.0
730,2022-06-24,144.19,3750.0
731,2022-06-24,122.35,1125.0
732,2022-06-27,236.03,7962.5
733,2022-06-27,237.87,8505.0
734,2022-06-27,76.68,1270.0
735,2022-06-27,227.18,702.59
736,2022-06-28,521.59,1265.0
737,2022-06-28,174.16,1350.0
738,2022-06-28,91.63,1392.0
739,2022-06-28,61.88,4397.58
740,2022-06-28,171.66,4260.0
741,2022-06-28,1273.61,10047.0
742,2022-06-28,1304.15,5330.0
743,2022-06-29,97.49,435.72
744,2022-06-29,97.53,648.3
745,2022-06-29,10.7,419.0
746,2022-06-29,18.14,36950.0
747,2022-06-29,514.77,22504.4
748,2022-06-30,114.05,2502.8
749,2022-06-30,100.68,3128.5
750,2022-06-30,98.64,3754.2
751,2022-06-30,546.03,3036.0
752,2022-06-30,1220.15,2776.65
753,2022-06-30,473.55,2008.0
754,2022-06-30,152.07,3522.0
755,2022-06-30,230.29,3122.0
756,2022-06-30,345.97,1165.95
757,2022-06-30,322.13,1112.0
758,2022-06-30,192.93,5016.8
759,2022-06-30,54.8,310.0
760,2022-06-30,141.3,1455.0
761,2022-06-30,185.81,2764.11
762,2022-06-30,123.23,518.97
763,2022-07-04,773.12,21372.75
764,2022-07-04,665.36,1054.0
765,2022-07-04,276.18,1047.7
766,2022-07-04,925.21,4372.0
767,2022-07-04,136.58,727.58
768,2022-07-04,82.32,343.0
769,2022-07-05,405.35,2928.0
770,2022-07-06,260.2,732.0
771,2022-07-06,345.97,1165.95
772,2022-07-06,27.79,809.3
773,2022-07-06,65.25,1297.0
774,2022-07-06,64.34,1297.0
775,2022-07-06,64.34,1386.7
776,2022-07-06,210.24,576.03
777,2022-07-06,265.64,657.12
778,2022-07-06,205.2,499.7
779,2022-07-06,76.36,659.6
780,2022-07-07,15.03,1230.0
781,2022-07-07,133.05,7100.0
782,2022-07-07,133.05,5325.0
783,2022-07-07,1357.1,2068.5
784,2022-07-07,1130.54,4928.4
785,2022-07-07,295.59,5880.0
786,2022-07-07,185.06,1074.04
787,2022-07-08,42.63,3155.52
788,2022-07-08,297.42,727.31
789,2022-07-08,54.8,624.27
790,2022-07-11,206.11,572.0
791,2022-07-11,363.09,4872.0
792,2022-07-11,671.28,1548.0
793,2022-07-11,66.99,1320.0
794,2022-07-12,172.53,2372.34
795,2022-07-12,202.71,2025.0
796,2022-07-12,161.73,4692.65
797,2022-07-12,675.99,13329.44
798,2022-07-12,345.97,1165.95
799,2022-07-12,131.45,32783.62
800,2022-07-12,137.76,16510.82
801,2022-07-12,203.69,2260.25
802,2022-07-12,126.45,1606.44
803,2022-07-13,144.4,1717.5
804,2022-07-13,323.11,794.0
805,2022-07-13,165.65,941.0
806,2022-07-13,110.15,2545.2
807,2022-07-15,171.87,400.0
808,2022-07-15,2549.57,14266.34
809,2022-07-15,156.34,2394.0
810,2022-07-15,42.79,139.0
811,2022-07-15,150.16,2360.1
812,2022-07-18,255.13,8420.0
813,2022-07-18,216.25,3260.0
814,2022-07-18,195.43,3874.0
815,2022-07-18,1389.6,4436.54
816,2022-07-18,257.6,8100.0
817,2022-07-18,384.87,17077.5
818,2022-07-18,54.8,348.0
819,2022-07-19,1195.0,3120.0
820,2022-07-20,97.49,315.0
821,2022-07-20,171.87,871.44
822,2022-07-20,316.45,1127.0
823,2022-07-21,1306.63,4956.73
824,2022-07-21,155.25,1628.0
825,2022-07-21,132.16,2165.0
826,2022-07-21,203.04,5460.0
827,2022-07-21,122.18,2727.0
828,2022-07-21,649.31,3200.0
829,2022-07-21,590.21,6400.0
830,2022-07-21,595.74,3200.0
831,2022-07-21,585.92,3521.6
832,2022-07-21,429.81,38979.6
833,2022-07-21,788.54,12750.0
834,2022-07-21,244.91,846.2
835,2022-07-21,270.68,2101.38
836,2022-07-21,230.7,4265.1
837,2022-07-21,790.28,14600.0
838,2022-07-21,753.71,13000.0
839,2022-07-21,703.11,12750.0
840,2022-07-22,67.57,310.0
841,2022-07-22,264.47,19243.56
842,2022-07-22,5169.85,25258.15
843,2022-07-22,324.71,3845.8
844,2022-07-22,89.76,485.2
845,2022-07-22,72.34,570.3
846,2022-07-22,89.76,485.2
847,2022-07-22,72.34,570.3
848,2022-07-22,236.2,4116.0
849,2022-07-25,220.0,924.0
850,2022-07-26,1931.62,8377.26
851,2022-07-26,277.5,14000.0
852,2022-07-26,333.0,9900.0
853,2022-07-26,257.6,8100.0
854,2022-07-27,1225.86,3521.6
855,2022-07-27,92.33,2070.0
856,2022-07-28,282.91,4820.0
857,2022-07-28,223.92,2927.5
858,2022-07-28,249.92,3240.0
859,2022-07-28,567.27,1697.71
860,2022-07-29,75.77,4106.5
861,2022-07-29,193.86,4125.0
862,2022-07-29,197.36,1369.18
863,2022-07-29,55.23,1772.0
864,2022-07-29,36.8,1390.0
865,2022-07-29,80.09,1330.0
866,2022-07-29,1721.28,18869.0
867,2022-07-29,179.31,600.0
868,2022-07-29,514.93,12500.0
869,2022-07-29,301.16,5472.0
870,2022-07-29,750.38,6924.0
871,2022-07-29,43.88,4176.0
872,2022-07-29,215.26,5328.0
873,2022-07-29,128.74,5090.0
874,2022-07-29,122.67,2442.0
875,2022-07-29,490.5,31024.0
876,2022-07-29,330.66,3192.0
877,2022-08-01,144.4,2425.0
878,2022-08-01,54.8,1550.0
879,2022-08-02,244.61,8764.0
880,2022-08-03,82.15,2160.0
881,2022-08-03,335.77,1215.5
882,2022-08-04,74.45,1850.0
883,2022-08-08,42.79,625.0
884,2022-08-08,72.37,326.0
885,2022-08-08,97.49,714.0
886,2022-08-08,144.2,1488.0
887,2022-08-08,396.78,3904.0
888,2022-08-08,291.48,44259.0
889,2022-08-08,374.14,3904.0
890,2022-08-08,290.21,29506.0
891,2022-08-08,844.23,12213.0
892,2022-08-08,62.82,310.0
893,2022-08-09,227.21,4028.0
894,2022-08-09,156.55,853.0
895,2022-08-10,338.22,9438.8
896,2022-08-10,301.83,1139.86
897,2022-08-10,82.15,2880.0
898,2022-08-10,1135.53,7392.6
899,2022-08-10,1261.99,4137.0
900,2022-08-10,91.5,1653.6
901,2022-08-10,181.44,785.0
902,2022-08-10,1884.35,5909.84
903,2022-08-10,628.8,4471.8
904,2022-08-10,282.47,12360.0
905,2022-08-11,82.37,870.0
906,2022-08-11,2121.33,5251.28
907,2022-08-11,430.03,38979.6
908,2022-08-11,73.01,1320.0
909,2022-08-11,72.97,483.54
910,2022-08-11,72.37,155.0
911,2022-08-12,150.77,2450.0
912,2022-08-12,32.38,1228.0
913,2022-08-12,31.14,661.2
914,2022-08-12,572.12,3392.5
915,2022-08-12,917.05,2290.12
916,2022-08-15,469.69,2278.45
917,2022-08-15,86.15,11025.0
918,2022-08-15,210.34,6348.0
919,2022-08-15,438.86,4796.25
920,2022-08-15,1149.73,6654.0
921,2022-08-16,110.45,785.0
922,2022-08-16,264.47,19243.56
923,2022-08-16,345.81,690.0
924,2022-08-16,90.71,1575.0
925,2022-08-17,62.95,154.31
926,2022-08-17,48.2,120.0
927,2022-08-17,183.81,3308.68
928,2022-08-17,0.0,7444.77
929,2022-08-17,457.78,4522.0
930,2022-08-17,249.45,1284.0
931,2022-08-18,2754.67,25258.15
932,2022-08-18,210.24,668.0
933,2022-08-18,120.77,758.5
934,2022-08-19,10.82,1575.0
935,2022-08-19,43.81,3751.2
936,2022-08-19,48.94,1875.6
937,2022-08-19,78.65,155.0
938,2022-08-19,227.62,2949.0
939,2022-08-19,66.88,535.0
940,2022-08-19,48.2,125.0
941,2022-08-19,62.95,155.0
942,2022-08-22,6587.67,1048.97
943,2022-08-22,348.7,2112.7
944,2022-08-22,242.78,1970.0
945,2022-08-22,31.14,661.2
946,2022-08-23,185.95,18700.0
947,2022-08-23,457.71,13065.0
948,2022-08-23,182.87,5973.0
949,2022-08-23,4.8,1230.0
950,2022-08-23,135.18,2116.5
951,2022-08-23,136.6,2116.5
952,2022-08-23,210.24,4242.0
953,2022-08-23,260.2,813.0
954,2022-08-23,216.17,6118.4
955,2022-08-23,97.49,265.08
956,2022-08-24,173.0,597.0
957,2022-08-24,333.77,7756.0
958,2022-08-24,369.86,1584.6
959,2022-08-25,88.53,1349.64
960,2022-08-25,2613.6,36965.56
961,2022-08-26,129.95,2160.0
962,2022-08-26,0.0,9700.0
963,2022-08-26,223.04,653.0
964,2022-08-26,43.93,2200.0
965,2022-08-29,1062.78,4372.0
966,2022-08-29,144.47,3516.4
967,2022-08-29,360.69,3948.62
968,2022-08-29,886.73,2874.31
969,2022-08-29,610.78,4430.0
970,2022-08-29,253.0,924.0
971,2022-08-30,1204.71,8873.08
972,2022-08-31,71.02,1225.2
973,2022-08-31,1048.9,16000.0
974,2022-08-31,126.46,9372.0
975,2022-08-31,191.22,17700.0
976,2022-08-31,314.44,29506.0
977,2022-08-31,363.31,22891.6
978,2022-08-31,92.32,6616.0
979,2022-08-31,741.05,10484.6
980,2022-08-31,119.95,1038.28
981,2022-08-31,470.05,1443.3
982,2022-08-31,217.51,1033.0
983,2022-08-31,39.22,295.0
984,2022-09-02,84.41,3860.0
985,2022-09-02,260.2,813.1
986,2022-09-02,1216.54,3450.74
987,2022-09-02,78.65,225.0
988,2022-09-02,927.84,2256.35
989,2022-09-05,260.2,2196.0
990,2022-09-05,240.58,8940.0
991,2022-09-05,226.8,8642.0
992,2022-09-05,226.23,1999.81
993,2022-09-06,693.77,1800.0
994,2022-09-06,1261.99,2068.5
995,2022-09-06,1165.13,3213.0
996,2022-09-06,1067.99,9856.8
997,2022-09-07,313.65,16200.0
998,2022-09-07,521.55,1075.31
999,2022-09-07,127.11,6028.0
1000,2022-09-07,42.8,497.89
1001,2022-09-08,679.75,7200.0
1002,2022-09-08,100.13,1294.0
1003,2022-09-08,894.91,1294.0
1004,2022-09-08,102.31,1125.0
1005,2022-09-08,260.2,1626.21
1006,2022-09-08,137.83,6879.51
1007,2022-09-08,203.69,941.77
1008,2022-09-08,126.54,669.35
1009,2022-09-08,68.35,1726.0
1010,2022-09-08,388.11,1045.31
1011,2022-09-08,68.35,1803.0
1012,2022-09-08,330.66,3192.0
1013,2022-09-09,331.61,29506.0
1014,2022-09-09,1388.82,3730.0
1015,2022-09-09,144.4,485.0
1016,2022-09-09,436.59,4556.9
1017,2022-09-09,176.15,817.89
1018,2022-09-12,253.0,385.0
1019,2022-09-12,77.13,3860.0
1020,2022-09-12,112.39,5353.05
1021,2022-09-12,107.5,2630.32
1022,2022-09-12,158.36,3118.0
1023,2022-09-12,265.64,871.44
1024,2022-09-12,125.68,700.82
1025,2022-09-13,57.6,327.59
1026,2022-09-13,170.16,12500.0
1027,2022-09-13,253.0,462.0
1028,2022-09-14,28.41,596.0
1029,2022-09-14,286.59,6995.0
1030,2022-09-14,168.4,2397.3
1031,2022-09-14,78.65,2100.0
1032,2022-09-14,265.64,3000.0
1033,2022-09-14,91.4,960.34
1034,2022-09-14,13.33,772.0
1035,2022-09-14,1139.58,4972.3
1036,2022-09-14,281.46,1385.0
1037,2022-09-15,406.12,1848.9
1038,2022-09-15,341.41,2419.6
1039,2022-09-19,348.92,690.0
1040,2022-09-19,68.25,1057.78
1041,2022-09-19,226.23,999.91
1042,2022-09-19,226.23,999.91
1043,2022-09-19,955.68,4372.0
1044,2022-09-19,97.49,264.0
1045,2022-09-19,896.15,2660.9
1046,2022-09-20,9353.62,22417.6
1047,2022-09-20,78.65,155.0
1048,2022-09-20,197.53,899.0
1049,2022-09-20,72.88,556.7
1050,2022-09-20,400.95,1103.45
1051,2022-09-20,159.65,930.0
1052,2022-09-21,369.66,2535.87
1053,2022-09-22,585.2,4930.0
1054,2022-09-22,130.97,2116.5
1055,2022-09-22,143.89,4233.0
1056,2022-09-22,502.32,5508.0
1057,2022-09-22,239.08,915.0
1058,2022-09-22,103.21,2146.95
1059,2022-09-22,182.6,2060.0
1060,2022-09-22,438.39,4751.0
1061,2022-09-22,523.53,2080.85
1062,2022-09-22,164.55,1899.18
1063,2022-09-22,33387.05,3298.28
1064,2022-09-22,78.65,150.0
1065,2022-09-22,253.0,442.75
1066,2022-09-23,220.0,462.0
1067,2022-09-23,345.97,1165.95
1068,2022-09-23,345.97,1165.95
1069,2022-09-23,71.72,3052.0
1070,2022-09-23,167.31,3380.0
1071,2022-09-23,685.68,1615.0
1072,2022-09-23,685.68,1615.0
1073,2022-09-23,685.68,1615.0
1074,2022-09-23,685.68,1615.0
1075,2022-09-23,144.4,970.0
1076,2022-09-23,1743.86,70020.0
1077,2022-09-23,2064.16,70020.0
1078,2022-09-23,48.2,500.0
1079,2022-09-26,21.33,1056.48
1080,2022-09-26,1116.84,3706.5
1081,2022-09-26,55.13,1705.06
1082,2022-09-26,155.35,3581.0
1083,2022-09-26,253.99,3800.0
1084,2022-09-26,477.16,1280.14
1085,2022-09-26,518.59,9786.0
1086,2022-09-26,136.25,3660.0
1087,2022-09-26,312.11,5400.0
1088,2022-09-26,274.93,3258.69
1089,2022-09-26,207.16,2098.14
1090,2022-09-26,667.91,32200.0
1091,2022-09-27,1798.56,23160.0
1092,2022-09-27,57.6,1260.0
1093,2022-09-28,288.77,44259.0
1094,2022-09-29,131.24,2328.52
1095,2022-09-29,126.1,1546.12
1096,2022-09-29,6.0,65.35
1097,2022-09-29,50.94,2098.6
1098,2022-09-29,751.86,33082.5
1099,2022-09-29,62.95,465.0
1100,2022-09-30,326.25,2660.7
1101,2022-09-30,6073.5,34786.12
1102,2022-09-30,332.9,8250.0
1103,2022-09-30,131.36,1283.8
1104,2022-09-30,1721.28,75476.0
1105,2022-09-30,144.87,1162.92
1106,2022-09-30,96.17,1110.12
1107,2022-09-30,800.35,28363.44
1108,2022-09-30,328.39,1370.74
1109,2022-09-30,273.77,1018.0
1110,2022-09-30,133.04,1635.58
1111,2022-09-30,325.23,2122.56
1112,2022-10-04,222.0,732.0
1113,2022-10-04,90.91,210.0
1114,2022-10-04,113.59,305.5
1115,2022-10-04,144.4,1940.0
1116,2022-10-04,413.55,965.4
1117,2022-10-04,236.6,3030.0
1118,2022-10-04,113.64,3980.0
1119,2022-10-04,187.54,1157.93
1120,2022-10-04,1088.23,4500.0
1121,2022-10-04,66.79,1399.04
1122,2022-10-05,220.0,462.0
1123,2022-10-05,59.54,899.4
1124,2022-10-06,62.95,310.0
1125,2022-10-06,0.0,2533.27
1126,2022-10-06,338.22,9438.8
1127,2022-10-07,49.16,772.6
1128,2022-10-07,220.0,1848.28
1129,2022-10-07,0.0,3583.98
1130,2022-10-07,207.69,1864.0
1131,2022-10-07,126.52,1461.6
1132,2022-10-07,329.0,1911.0
1133,2022-10-10,600.03,4717.35
1134,2022-10-10,144.4,4850.0
1135,2022-10-10,355.3,6764.76
1136,2022-10-11,2392.5,1800.0
1137,2022-10-11,421.11,1130.5
1138,2022-10-12,89.76,675.97
1139,2022-10-12,72.34,730.17
1140,2022-10-12,521.39,16770.0
1141,2022-10-12,1627.09,12225.0
1142,2022-10-12,0.0,2792.0
1143,2022-10-12,315.51,29506.0
1144,2022-10-12,640.51,9159.75
1145,2022-10-12,197.53,899.0
1146,2022-10-13,76.71,3717.0
1147,2022-10-13,70.7,699.5
1148,2022-10-14,316.45,650.0
1149,2022-10-14,93.3,2480.4
1150,2022-10-14,100.7,4150.0
1151,2022-10-14,124.77,4070.0
1152,2022-10-14,132.16,5412.5
1153,2022-10-14,138.9,4956.0
1154,2022-10-14,119.27,4880.0
1155,2022-10-14,52.12,16152.5
1156,2022-10-17,586.32,6168.6
1157,2022-10-17,47.84,662.57
1158,2022-10-17,99.37,815.07
1159,2022-10-17,142.2,876.98
1160,2022-10-17,39.85,588.0
1161,2022-10-18,131.45,7921.1
1162,2022-10-18,137.63,7987.9
1163,2022-10-18,203.69,984.15
1164,2022-10-18,126.29,699.47
1165,2022-10-18,127.62,2116.5
1166,2022-10-18,1119.39,17372.82
1167,2022-10-18,331.33,670.69
1168,2022-10-18,379.55,1466.21
1169,2022-10-19,82.34,6160.8
1170,2022-10-19,245.96,6990.0
1171,2022-10-19,67.84,485.0
1172,2022-10-19,2496.65,11530.98
1173,2022-10-19,982.4,42790.0
1174,2022-10-19,130.12,3600.0
1175,2022-10-19,78.68,1170.0
1176,2022-10-20,414.84,1018.0
1177,2022-10-20,414.84,2036.0
1178,2022-10-20,117.24,906.05
1179,2022-10-20,173.0,609.84
1180,2022-10-20,222.0,813.1
1181,2022-10-20,57.6,353.45
1182,2022-10-20,218.33,1850.0
1183,2022-10-20,57.07,805.5
1184,2022-10-21,96.96,4424.0
1185,2022-10-21,160.02,4200.0
1186,2022-10-21,1931.62,9538.0
1187,2022-10-21,90.42,1696.2
1188,2022-10-21,251.37,14636.88
1189,2022-10-21,213.77,6136.02
1190,2022-10-21,291.33,13861.6
1191,2022-10-24,89.76,790.0
1192,2022-10-24,72.34,790.0
1193,2022-10-24,150.44,852.0
1194,2022-10-24,53.71,755.0
1195,2022-10-24,108.81,852.0
1196,2022-10-24,472.22,7200.0
1197,2022-10-24,170.55,620.2
1198,2022-10-24,463.36,3284.7
1199,2022-10-24,3280.08,8121.2
1200,2022-10-24,166.83,742.45
1201,2022-10-25,93.2,1208.25
1202,2022-10-25,93.2,1208.25
1203,2022-10-25,663.12,20235.2
1204,2022-10-25,44.13,2433.44
1205,2022-10-25,42.57,2545.52
1206,2022-10-25,175.33,2141.2
1207,2022-10-25,300.0,1848.0
1208,2022-10-26,48.2,250.0
1209,2022-10-26,38.42,1090.0
1210,2022-10-26,53.33,1170.0
1211,2022-10-26,126.71,976.0
1212,2022-10-26,235.35,6592.44
1213,2022-10-26,277.2,1177.25
1214,2022-10-26,145.23,601.5
1215,2022-10-26,1047.18,5901.45
1216,2022-10-27,265.64,1383.4
1217,2022-10-27,205.2,2084.16
1218,2022-10-27,125.68,1401.64
1219,2022-10-27,99.22,756.52
1220,2022-10-27,21.33,2641.2
1221,2022-10-27,78.68,155.0
1222,2022-10-27,1931.62,4769.0
1223,2022-10-28,78.38,745.69
1224,2022-10-28,332.12,1089.35
1225,2022-10-28,332.12,1089.35
1226,2022-10-28,1721.28,75476.0
1227,2022-10-28,63.09,768.5
1228,2022-10-28,62.95,310.0
1229,2022-10-31,69.55,1246.74
1230,2022-10-31,62.95,153.25
1231,2022-10-31,265.64,1383.36
1232,2022-10-31,81.99,429.25
1233,2022-10-31,235.75,5916.0
1234,2022-10-31,63.37,2180.0
1235,2022-10-31,521.55,1075.31
1236,2022-10-31,76.08,2629.65
1237,2022-10-31,211.36,1835.4
1238,2022-10-31,544.48,9499.6
1239,2022-11-01,62.95,155.0
1240,2022-11-01,48.2,120.0
1241,2022-11-01,127.11,4521.0
1242,2022-11-03,145.02,1625.86
1243,2022-11-03,0.0,1364.0
1244,2022-11-04,62.95,620.0
1245,2022-11-04,131.45,7921.1
1246,2022-11-04,137.63,5591.53
1247,2022-11-04,203.69,24603.75
1248,2022-11-04,126.29,699.47
1249,2022-11-04,98.82,2678.2
1250,2022-11-04,112.34,2678.2
1251,2022-11-04,99.83,4017.3
1252,2022-11-04,0.0,4963.18
1253,2022-11-04,0.2,17450.0
1254,2022-11-07,51.36,310.0
1255,2022-11-07,68.2,380.0
1256,2022-11-07,1164.2,5132.3
1257,2022-11-07,663.74,8169.64
1258,2022-11-08,18.45,486.0
1259,2022-11-08,339.91,3064.1
1260,2022-11-08,442.5,14430.0
1261,2022-11-08,676.87,19801.98
1262,2022-11-08,278.0,462.0
1263,2022-11-08,96.83,325.0
1264,2022-11-09,89.76,635.97
1265,2022-11-09,72.34,730.17
1266,2022-11-10,420.67,439.66
1267,2022-11-10,401.65,9438.8
1268,2022-11-10,385.09,1952.0
1269,2022-11-10,316.19,29506.0
1270,2022-11-10,0.0,900.0
1271,2022-11-10,518.43,945.0
1272,2022-11-10,931.02,17486.4
1273,2022-11-11,208.88,2853.12
1274,2022-11-11,67.57,600.0
1275,2022-11-11,67.56,3259.44
1276,2022-11-11,57.6,630.0
1277,2022-11-11,4604.19,25000.0
1278,2022-11-14,408.31,1417.1
1279,2022-11-14,129.7,4320.0
1280,2022-11-15,257.11,1726.28
1281,2022-11-15,325.78,3250.0
1282,2022-11-15,332.9,4125.0
1283,2022-11-15,197.83,610.0
1284,2022-11-15,178.15,610.0
1285,2022-11-15,171.15,610.0
1286,2022-11-15,48.2,120.13
1287,2022-11-15,48.1,165.51
1288,2022-11-15,654.34,27808.0
1289,2022-11-15,78.24,1038.0
1290,2022-11-16,42.65,1986.24
1291,2022-11-16,394.88,8196.78
1292,2022-11-16,89.98,9270.0
1293,2022-11-16,129.28,2949.0
1294,2022-11-16,153.85,435.72
1295,2022-11-16,251.47,16990.0
1296,2022-11-16,277.5,14000.0
1297,2022-11-17,1541.46,6591.1
1298,2022-11-17,519.45,1289.0
1299,2022-11-17,331.49,1725.0
1300,2022-11-17,153.85,462.0
1301,2022-11-17,264.62,1223.38
1302,2022-11-18,199.05,3135.93
1303,2022-11-18,330.66,3812.52
1304,2022-11-18,97.49,1338.0
1305,2022-11-18,48.2,250.0
1306,2022-11-18,63.31,310.0
1307,2022-11-18,65.16,190.0
1308,2022-11-18,61.77,2808.5
1309,2022-11-18,51.49,2713.25
1310,2022-11-22,144.4,4850.0
1311,2022-11-22,57.6,630.0
1312,2022-11-22,336.58,8452.4
1313,2022-11-23,1318.1,2665.0
1314,2022-11-23,331.49,1435.74
1315,2022-11-23,186.16,1383.4
1316,2022-11-23,205.2,1042.08
1317,2022-11-23,125.68,1401.64
1318,2022-11-23,120.76,15154.76
1319,2022-11-24,48.2,125.0
1320,2022-11-24,1044.55,24952.75
1321,2022-11-24,157.64,958.3
1322,2022-11-24,63.9,802.0
1323,2022-11-24,1292.27,5309.11
1324,2022-11-24,30.45,1392.0
1325,2022-11-24,996.4,7205.52
1326,2022-11-24,961.36,9440.0
1327,2022-11-25,592.18,36003.6
1328,2022-11-25,936.33,23340.0
1329,2022-11-25,1133.81,23340.0
1330,2022-11-25,88.63,1950.0
1331,2022-11-25,168.53,1456.86
1332,2022-11-25,301.31,29506.0
1333,2022-11-25,919.68,1318.7
1334,2022-11-25,286.34,1009.65
1335,2022-11-28,227.18,827.59
1336,2022-11-28,137.33,873.75
1337,2022-11-28,139.65,735.0
1338,2022-11-29,280.14,13065.0
1339,2022-11-30,89.98,9270.0
1340,2022-11-30,448.24,2220.7
1341,2022-11-30,0.0,7287.4
1342,2022-11-30,0.0,13609.08
1343,2022-11-30,328.36,1800.69
1344,2022-11-30,78.25,1158.51
1345,2022-11-30,253.9,7276.48
1346,2022-11-30,158.36,3821.52
1347,2022-11-30,96.96,5680.0
1348,2022-11-30,140.88,1385.5
1349,2022-11-30,21.39,1230.0
1350,2022-12-05,301.12,5880.0
1351,2022-12-05,299.53,8820.0
1352,2022-12-05,499.2,1130.5
1353,2022-12-05,79.01,465.0
1354,2022-12-05,127.06,3722.1
1355,2022-12-05,0.0,13688.0
1356,2022-12-05,293.13,2220.7
1357,2022-12-06,291.13,1121.7
1358,2022-12-06,196.44,1302.15
1359,2022-12-06,144.4,970.0
1360,2022-12-07,1734.88,18482.78
1361,2022-12-07,461.49,36430.0
1362,2022-12-07,21.39,1230.0
1363,2022-12-08,466.2,8224.8
1364,2022-12-08,57.6,315.0
1365,2022-12-08,315.59,29506.0
1366,2022-12-08,119.05,3550.0
1367,2022-12-08,0.0,4157.7
1368,2022-12-08,668.13,16132.6
1369,2022-12-09,37.65,1680.0
1370,2022-12-09,360.2,2333.26
1371,2022-12-09,366.62,1153.3
1372,2022-12-09,144.4,485.0
1373,2022-12-09,57.6,945.0
1374,2022-12-09,0.0,3045.5
1375,2022-12-13,227.18,689.63
1376,2022-12-13,222.14,6832.0
1377,2022-12-13,222.0,815.0
1378,2022-12-13,454.72,4347.9
1379,2022-12-13,97.49,2371.74
1380,2022-12-13,97.3,1064.0
1381,2022-12-13,306.53,2622.0
1382,2022-12-13,355.52,1435.2
1383,2022-12-14,414.88,2278.45
1384,2022-12-14,83.4,2220.0
1385,2022-12-14,586.32,8224.8
1386,2022-12-15,828.0,18319.5
1387,2022-12-15,442.5,24050.0
1388,2022-12-15,360.7,1952.0
1389,2022-12-15,1311.27,3730.0
1390,2022-12-15,773.21,15266.25
1391,2022-12-16,179.95,18540.0
1392,2022-12-16,57.6,410.0
1393,2022-12-19,2335.2,11809.98
1394,2022-12-20,620.47,14968.8
1395,2022-12-20,325.78,1400.0
1396,2022-12-20,66.31,1434.0
1397,2022-12-20,131.45,20594.86
1398,2022-12-20,137.63,7987.9
1399,2022-12-20,232.01,3647.85
1400,2022-12-20,236.2,3688.1
1401,2022-12-21,405.55,13575.0
1402,2022-12-21,0.0,1325.07
1403,2022-12-22,333.62,31710.08
1404,2022-12-22,696.46,7460.0
1405,2022-12-22,107.33,4880.0
1406,2022-12-22,681.52,3036.0
1407,2022-12-22,1319.88,5668.99
1408,2022-12-22,99.68,2300.0
1409,2022-12-22,1186.76,17758.08
1410,2022-12-22,317.5,1464.0
1411,2022-12-22,226.23,1000.0
1412,2022-12-23,4579.08,12500.0
1413,2022-12-23,78.09,9486.35
1414,2022-12-23,51.16,1530.0
1415,2022-12-23,294.5,11328.0
1416,2022-12-23,123.21,1317.45
1417,2022-12-23,65.31,1851.64
1418,2022-12-23,286.13,3821.0
1419,2022-12-23,421.91,4040.84
1420,2022-12-23,477.16,2354.14
1421,2022-12-23,102.31,4272.0
1422,2022-12-23,104.69,4311.6
1423,2022-12-23,596.55,6547.05
1424,2022-12-23,1884.35,5909.84
1425,2022-12-23,80.66,14060.0
